text,lgbtq+phobia_1,obscene_1,insult_1,racism_1,misogyny_1,xenophobia_1,lgbtq+phobia_2,obscene_2,insult_2,racism_2,misogyny_2,xenophobia_2,lgbtq+phobia_3,obscene_3,insult_3,racism_3,misogyny_3,xenophobia_3
"@user Cara, vc tá ferrado c a horda bolsonaristas. Todos fã de desenformador Caio Arruda que não é copolla. Que cara mais escroto. Fico besta como as pessoas da direita se encantam c as baboseiras que ele fala. Ainda dizem q ele eh intelecual. Caio claramente fala de coisas que n sabe",0.0,0.0,0.0,0.0,0.0,0.0,0.0,0.0,0.0,0.0,0.0,0.0,0.0,0.0,1.0,0.0,0.0,0.0
"@user EXATAMENTE! é assim mesmo que agem, pode ver que em toda discussão entre um sulista com um paulista/carioca/mineiro eles sempre apelam pra isso e são 100% homofobicos, infelizmente grande parte acha que só racismo é grave e deve ser considerado",0.0,0.0,0.0,0.0,0.0,0.0,0.0,0.0,0.0,0.0,0.0,1.0,0.0,0.0,0.0,0.0,0.0,0.0
@user @user @user @user retardado 茅 aquele que n茫o leva a biologia em considera莽茫o,0.0,0.0,0.0,0.0,0.0,0.0,0.0,0.0,1.0,0.0,0.0,0.0,0.0,0.0,0.0,0.0,0.0,0.0
rt @user graças a deus aonde eu vou eu me divirto e não fico igual uma songa https://t.co/k1haginpb2,0.0,0.0,0.0,0.0,0.0,0.0,0.0,0.0,0.0,0.0,0.0,0.0,0.0,0.0,0.0,0.0,0.0,0.0
"rt @user então ne porra, boa, suju, tvxq, bb e snsd levaram o kpop pra fora da coreia da licensa new kpopper https://t.co/tspungqvni",0.0,0.0,0.0,0.0,0.0,0.0,0.0,0.0,0.0,0.0,0.0,0.0,0.0,0.0,0.0,0.0,0.0,0.0
@user já já acaba viado kkk,0.0,1.0,0.0,0.0,0.0,0.0,0.0,0.0,0.0,0.0,0.0,0.0,1.0,0.0,0.0,0.0,0.0,0.0
"馃枻 Sigo e Indico 馃枻

O mais novo integrante da fam铆lia #MVSDV, super her贸i Deradevil,
聽脡 um advogado que se n茫o encontra justi莽a no tribunal, encontra como o Demolidor.

脡 s贸 seguir amores, ele SDV 馃挴 UNF 馃毇
       馃洝锔� @user 馃洝锔�

#SextaVingadoresSDV 
#SextaDeTremuraSDV https://t.co/mI9PMP55oq",0.0,0.0,0.0,0.0,0.0,0.0,0.0,0.0,0.0,0.0,0.0,0.0,0.0,0.0,0.0,0.0,0.0,0.0
lembrei do cabelinho deleh e to boiola,1.0,0.0,0.0,0.0,0.0,0.0,0.0,1.0,0.0,0.0,0.0,0.0,0.0,0.0,0.0,0.0,0.0,0.0
ai kkkkkk meus pais tao vendo o video de eu dançando boy with love com as 15 kkkkkkkk puta merda tem um monte de gente aqui,0.0,0.0,0.0,0.0,0.0,0.0,0.0,0.0,0.0,0.0,0.0,0.0,0.0,0.0,0.0,0.0,0.0,0.0
"Todo fandom tem as pessoas ruins, as pessoas que criticam, que procuram briga por besteira, que jogam hate gratuito. Mas esse prêmio não é pra elas, é para as pessoas que lutam pra cacete pra que seu ídolo consiga algo, para os fãs que dão tudo para ajudar o ídolo. Entendam isso",0.0,0.0,0.0,0.0,0.0,0.0,0.0,0.0,0.0,0.0,0.0,0.0,0.0,0.0,1.0,0.0,0.0,0.0
rt @user que dia mais filho da puta. ¬¬,0.0,1.0,0.0,0.0,0.0,0.0,0.0,0.0,0.0,0.0,0.0,0.0,0.0,0.0,0.0,0.0,0.0,0.0
@user @user @user @user jkkkkkkkkk tá melhor que aquele mongol que tu postou,0.0,0.0,1.0,0.0,0.0,0.0,0.0,0.0,1.0,0.0,0.0,0.0,0.0,0.0,0.0,0.0,0.0,0.0
"todo dia eu sendo massacrada, vsf",0.0,0.0,0.0,0.0,0.0,0.0,0.0,1.0,0.0,0.0,0.0,0.0,0.0,0.0,0.0,0.0,0.0,0.0
"Não fiz o gol , mais dei assistência pra um gol que foi o único , e tomamos a virada pra 3x1 , fico puto quando perdemos por Baguio besta , pqp 🙄",0.0,1.0,0.0,0.0,0.0,0.0,0.0,0.0,0.0,0.0,0.0,0.0,0.0,0.0,0.0,0.0,0.0,0.0
"depois toma umas porrada, vem se vitimizar falando q a culpa é da policia, vai se fuder",0.0,0.0,1.0,0.0,0.0,0.0,0.0,1.0,1.0,0.0,0.0,0.0,0.0,0.0,1.0,0.0,0.0,0.0
"A coisa mais legal que existe entre o casal e a intimidade e as brincadeiras que eles têm entre 2 , e só vc interpretar clg😝♥️",0.0,0.0,0.0,0.0,0.0,0.0,0.0,0.0,0.0,0.0,0.0,0.0,0.0,0.0,0.0,0.0,0.0,0.0
"@user mas não deveria ser né, ai que mora a luta diária ✊🏻",0.0,0.0,0.0,0.0,0.0,0.0,0.0,0.0,0.0,0.0,0.0,0.0,0.0,0.0,0.0,0.0,0.0,0.0
rt @user #bailedacolombia #bailedokit vamoi porra 💥🎊,0.0,0.0,0.0,0.0,0.0,0.0,0.0,0.0,0.0,0.0,0.0,0.0,0.0,0.0,0.0,0.0,0.0,0.0
"assunto sério: a

terceirão da minha escola: https://t.co/8fhlerwees",0.0,0.0,0.0,0.0,0.0,0.0,0.0,0.0,0.0,0.0,0.0,0.0,0.0,0.0,0.0,0.0,0.0,0.0
pqp acabou a luz,0.0,0.0,0.0,0.0,0.0,0.0,0.0,0.0,0.0,0.0,0.0,0.0,0.0,0.0,0.0,0.0,0.0,0.0
eu odeio as ligações da vivo pqp q pertubação,0.0,0.0,0.0,0.0,0.0,0.0,0.0,1.0,0.0,0.0,0.0,0.0,0.0,0.0,0.0,0.0,0.0,0.0
"é muito bom quando um amigo conquista alguma coisa, puta merda

to muito feliz",0.0,0.0,0.0,0.0,0.0,0.0,0.0,0.0,0.0,0.0,0.0,0.0,0.0,0.0,0.0,0.0,0.0,0.0
rt @user emmascoott só não funciona pq o ciclope é um lixo com as mulheres https://t.co/zfm4p6svgo,0.0,0.0,0.0,0.0,0.0,0.0,0.0,0.0,0.0,0.0,0.0,0.0,0.0,0.0,1.0,0.0,0.0,0.0
d贸i muito o meu cora莽茫o ver o meu magrelo no estado em que ele se encontra... 馃槶馃槶馃槶馃挃,0.0,0.0,0.0,0.0,0.0,0.0,0.0,0.0,0.0,0.0,0.0,0.0,0.0,0.0,0.0,0.0,0.0,0.0
"a gente ve que o negócio tá feio quando até o frota ta se arrependendo de ter votado no birolino.
o frota",0.0,0.0,0.0,0.0,0.0,0.0,0.0,0.0,0.0,0.0,0.0,0.0,0.0,0.0,0.0,0.0,0.0,0.0
@user estou em campanha o tempo todo seu blogueiro invejoso 👍🏻 e o mula vai continuar preso 🤣🤣🤣 https://t.co/dgazqmrilu,0.0,0.0,1.0,0.0,0.0,0.0,0.0,0.0,1.0,0.0,0.0,0.0,0.0,0.0,0.0,0.0,0.0,0.0
"fiquei por quase 1 semana sem entrar no twitter...  e eu não senti muita falta não. 
lugar tóxico do cacete",0.0,1.0,0.0,0.0,0.0,0.0,0.0,0.0,0.0,0.0,0.0,0.0,0.0,0.0,0.0,0.0,0.0,0.0
"@user Time carioca só presta qnd o juiz joga junto 
Falam q são grandes mas tem 0 de tradição em qualquer campeonato, só querem forçar rivalidade",0.0,0.0,0.0,0.0,0.0,0.0,0.0,0.0,0.0,0.0,0.0,0.0,0.0,0.0,1.0,0.0,0.0,0.0
rt @user comendo o viado https://t.co/ajqkrazr7a,1.0,1.0,0.0,0.0,0.0,0.0,1.0,1.0,0.0,0.0,0.0,0.0,1.0,0.0,0.0,0.0,0.0,0.0
tudo que importa na minha vida,0.0,0.0,0.0,0.0,0.0,0.0,0.0,0.0,0.0,0.0,0.0,0.0,0.0,0.0,0.0,0.0,0.0,0.0
"boa tarde para todos galera, menos para alguns ...... alguem saberia me informar como posso estar mudando o meu nome aqui no twitter?! vou ter que estar entrando em contato com a central? nao me lembro o porque eu coloquei come xereca como meu nome haha ..... alguem me ajuda",0.0,0.0,0.0,0.0,0.0,0.0,0.0,0.0,0.0,0.0,0.0,0.0,0.0,1.0,0.0,0.0,0.0,0.0
rt @user penso sempre q as pessoas vão fazer por mim o mesmo q faria por elas mas acabo por me fuder sempre :),0.0,0.0,0.0,0.0,0.0,0.0,0.0,1.0,0.0,0.0,0.0,0.0,0.0,0.0,0.0,0.0,0.0,0.0
"sou sulista e odeio sulista 

mas nosso sotaque é lindo",0.0,0.0,0.0,0.0,0.0,0.0,0.0,0.0,0.0,0.0,0.0,1.0,0.0,0.0,0.0,0.0,0.0,0.0
atenção ⚠️⚠️⚠️ a partir de agora ⏱⏱⏱ você está PROIBIDA 🚫🚫🚫 de torce para um time europeu 🇪🇺🇪🇺🇪🇺 PARE ✋🏻✋🏻✋🏻 porque o lipe disse 🗣🗣🗣 que é vergonha 😡😡😡 https://t.co/vg5Um1CvyQ,0.0,0.0,0.0,0.0,0.0,0.0,0.0,0.0,0.0,0.0,0.0,0.0,0.0,0.0,0.0,0.0,0.0,0.0
aí meu dinheiro,0.0,0.0,0.0,0.0,0.0,0.0,0.0,0.0,0.0,0.0,0.0,0.0,0.0,0.0,0.0,0.0,0.0,0.0
essas meninas com pau são as mais lindas,0.0,0.0,0.0,0.0,0.0,0.0,0.0,1.0,0.0,0.0,0.0,0.0,1.0,0.0,0.0,0.0,0.0,0.0
@user pqp vo chorastes,0.0,0.0,0.0,0.0,0.0,0.0,0.0,1.0,0.0,0.0,0.0,0.0,0.0,0.0,0.0,0.0,0.0,0.0
"no meio da festa e dentro de você, iá iá, essa desgraçada sabe o que fazer, iá iá, só mais uma cerveja e eu chego em você, iá iá",0.0,0.0,1.0,0.0,0.0,0.0,0.0,0.0,0.0,0.0,0.0,0.0,0.0,0.0,0.0,0.0,0.0,0.0
"você tem que aprender que só funk carioca é funk de verdade, não é do rj o nome é ""tentativa de funk"".",0.0,0.0,0.0,0.0,0.0,0.0,0.0,0.0,0.0,0.0,0.0,0.0,0.0,0.0,0.0,0.0,0.0,0.0
lindo dia para andar al galope,0.0,0.0,0.0,0.0,0.0,0.0,0.0,0.0,0.0,0.0,0.0,0.0,0.0,0.0,0.0,0.0,0.0,0.0
@user mas 茅 claro que 茅 voc锚 hahahhahaha,0.0,0.0,0.0,0.0,0.0,0.0,0.0,0.0,0.0,0.0,0.0,0.0,0.0,0.0,0.0,0.0,0.0,0.0
o bolso depois da facada,0.0,0.0,0.0,0.0,0.0,0.0,0.0,0.0,0.0,0.0,0.0,0.0,0.0,0.0,0.0,0.0,0.0,0.0
correr atrás de td smp qnd ngm quer nada com porra nenhuma,0.0,1.0,0.0,0.0,0.0,0.0,0.0,1.0,0.0,0.0,0.0,0.0,0.0,0.0,0.0,0.0,0.0,0.0
Ei @user comecei a receber cobrança indevida. Já baixei o app pra gravar as ligacaoes e mais tarde vou imprimir faturas e comprovantes. Pode seguir ligando. To doido pra te arrancar alguns trocados.,0.0,0.0,0.0,0.0,0.0,0.0,0.0,0.0,0.0,0.0,0.0,0.0,0.0,0.0,0.0,0.0,0.0,0.0
"rt @user botei ketchup na pizza!
cad锚 quem 茅 o paulista que eu tenho que sair no soco 馃憠馃憠",0.0,0.0,0.0,0.0,0.0,0.0,0.0,0.0,0.0,0.0,0.0,0.0,0.0,0.0,0.0,0.0,0.0,1.0
"eu ganhei na loteria carai, te amo d+ @user",0.0,0.0,0.0,0.0,0.0,0.0,0.0,0.0,0.0,0.0,0.0,0.0,0.0,0.0,0.0,0.0,0.0,0.0
@user @user @user cabeças vão rolar!,0.0,0.0,0.0,0.0,0.0,0.0,0.0,0.0,0.0,0.0,0.0,0.0,0.0,0.0,0.0,0.0,0.0,0.0
rt @user nem sei por onde começar.. https://t.co/kozur4qkky,0.0,0.0,0.0,0.0,0.0,0.0,0.0,0.0,0.0,0.0,0.0,0.0,0.0,0.0,0.0,0.0,0.0,0.0
qualquer dia eu enlouqueço de tanto pensar pqp,0.0,0.0,0.0,0.0,0.0,0.0,0.0,1.0,0.0,0.0,0.0,0.0,0.0,0.0,0.0,0.0,0.0,0.0
acabei de acordar com uma ressaca com caralho ai do nd sofia me manda um áudio desesperada dizendo q arrumou uma senha do buteco p mim  ????,0.0,1.0,0.0,0.0,0.0,0.0,0.0,0.0,0.0,0.0,0.0,0.0,0.0,0.0,0.0,0.0,0.0,0.0
"@user acho q eh 95.2 n sei
eh dps da interativa e ta passando thunder da imagine dragons",0.0,0.0,0.0,0.0,0.0,0.0,0.0,0.0,0.0,0.0,0.0,0.0,0.0,0.0,0.0,0.0,0.0,0.0
vida e muito filha da puta comigo papo reto,0.0,1.0,0.0,0.0,0.0,0.0,0.0,0.0,0.0,0.0,0.0,0.0,0.0,0.0,0.0,0.0,0.0,0.0
"rt @user da pra ver q a mina ficou desconfortável pra caralho e os maluco fica romantizando, é de fude mesmo https://t.co/amw1gd…",0.0,1.0,0.0,0.0,0.0,0.0,0.0,0.0,0.0,0.0,0.0,0.0,0.0,0.0,0.0,0.0,0.0,0.0
"@user alface: aberração
 https://t.co/8gyg8ckuqo",0.0,0.0,0.0,0.0,0.0,0.0,0.0,0.0,1.0,0.0,0.0,0.0,0.0,0.0,0.0,0.0,0.0,0.0
@user ridícula 😭,0.0,0.0,0.0,0.0,0.0,0.0,0.0,0.0,0.0,0.0,0.0,0.0,0.0,0.0,1.0,0.0,0.0,0.0
"meu sonho é te ver pelado na minha frente...ou atrás...melhor ainda...hihi — mano kkkkkkk 
que sonho mixuruca https://t.co/dvqciy3odk",0.0,0.0,0.0,0.0,0.0,0.0,0.0,1.0,0.0,0.0,0.0,0.0,0.0,1.0,0.0,0.0,0.0,0.0
Sonhei dnv que tava dando tiro em pessoas aleatórias pq isso ? Alguém me explica eu não sei nem aonde coloca munição nesses negócio mas no sonho é muito real,0.0,0.0,0.0,0.0,0.0,0.0,0.0,0.0,0.0,0.0,0.0,0.0,0.0,0.0,0.0,0.0,0.0,0.0
"vejo gnt falando “aí mas índio também desmata e vende terra”

a tribo da minha avó tinha uma cultura de preservação e manutenção da natureza, um culto à ela

foram dizimados por brancos querendo terra 🙂",0.0,0.0,0.0,0.0,0.0,0.0,0.0,0.0,0.0,0.0,0.0,0.0,0.0,0.0,0.0,0.0,0.0,0.0
@user série boa demais me racho com essa porra vms exalta-la juntos mano,0.0,0.0,0.0,0.0,0.0,0.0,0.0,0.0,0.0,0.0,0.0,0.0,0.0,0.0,0.0,0.0,0.0,0.0
o caso dos bebês trocados em goias kkkkk desculpa pqp,0.0,0.0,0.0,0.0,0.0,0.0,0.0,0.0,0.0,0.0,0.0,0.0,0.0,0.0,0.0,0.0,0.0,0.0
@user passa nada,0.0,0.0,0.0,0.0,0.0,0.0,0.0,0.0,0.0,0.0,0.0,0.0,0.0,0.0,0.0,0.0,0.0,0.0
@user @user ahhhhh inveja !!! pqp não creio que tem torcedor que pensa isso ! pqp,0.0,0.0,0.0,0.0,0.0,0.0,0.0,0.0,0.0,0.0,0.0,0.0,0.0,0.0,0.0,0.0,0.0,0.0
"minha família tem VERGONHA de mim 
tá tendo reforma aqui em casa e meu cachorro fica num cantinho eu tava lá brincando com ele e disse com uma voz de criança ""meu filho tá doido pra cheirar um cu né"" fui repreendida pq falei cu na frente de desconhecidos",0.0,0.0,0.0,0.0,0.0,0.0,0.0,0.0,0.0,0.0,0.0,0.0,0.0,0.0,0.0,0.0,0.0,0.0
@user hoje eu vo ver meu amigo tocar mas vamo sair tomar umas beras pufavo,0.0,0.0,0.0,0.0,0.0,0.0,0.0,0.0,0.0,0.0,0.0,0.0,0.0,0.0,0.0,0.0,0.0,0.0
"rt @user a voz dessa mulher é perfeita, meu deus

#ourmaknaeseohyun
 https://t.co/wmh31tj4xe",0.0,0.0,0.0,0.0,0.0,0.0,0.0,0.0,0.0,0.0,0.0,0.0,0.0,0.0,0.0,0.0,0.0,0.0
odeio meu padrasto machista abusado do caralho,0.0,1.0,0.0,0.0,0.0,0.0,0.0,1.0,1.0,0.0,0.0,0.0,0.0,0.0,1.0,0.0,0.0,0.0
@user me conta o que é kkkkkkk,0.0,0.0,0.0,0.0,0.0,0.0,0.0,0.0,0.0,0.0,0.0,0.0,0.0,0.0,0.0,0.0,0.0,0.0
brasil porra..  volei ..,0.0,0.0,0.0,0.0,0.0,0.0,0.0,0.0,0.0,0.0,0.0,0.0,0.0,0.0,0.0,0.0,0.0,0.0
"EU NUNCA, EU JÁ
*esse é massa pra caralho*
1- nunca, amém né
2- já
3- ja
4- ja
5- ja
6- ja
7- ja 
8- ja 
9- não kkkkkkkkk
10- nuncaaa
11- nunca, sou hetero 😎 
12- ja
13- ja 
14- nunca 
15- não
16- já
17- já
18- ja
19- ja

curte q eu mando",0.0,0.0,0.0,0.0,0.0,0.0,0.0,0.0,0.0,0.0,0.0,0.0,0.0,0.0,0.0,0.0,0.0,0.0
"rt @user o cara é uma máquina de meter a real em p*ranha

fica bem meu puto https://t.co/iencicn6se",0.0,1.0,0.0,0.0,0.0,0.0,0.0,0.0,0.0,0.0,1.0,0.0,0.0,1.0,0.0,0.0,1.0,0.0
"Esses materiais que o Le Monde faz são sensacionais. Esse é de como Cecilia Payne descobriu que as estrelas são feitas principalmente de Hidrogênio e um cara fdp fez ela duvidar desse resultado e dps foi lá e publicou com artigo com a descoberta dela 😒😡

https://t.co/d4JWcKFnBi",0.0,0.0,0.0,0.0,0.0,0.0,0.0,1.0,1.0,0.0,0.0,0.0,0.0,0.0,0.0,0.0,0.0,0.0
eu to urrando com os audios do lucas kkkkkkkkkkkkkkkk desgraçado,0.0,0.0,0.0,0.0,0.0,0.0,0.0,0.0,0.0,0.0,0.0,0.0,0.0,0.0,0.0,0.0,0.0,0.0
rt @user bruno arrombado me viciou em pagode,0.0,1.0,0.0,0.0,0.0,0.0,0.0,1.0,1.0,0.0,0.0,0.0,0.0,0.0,0.0,0.0,0.0,0.0
rt @user focar em ninguém então kk https://t.co/x0dwhapden,0.0,0.0,0.0,0.0,0.0,0.0,0.0,0.0,0.0,0.0,0.0,0.0,0.0,0.0,0.0,0.0,0.0,0.0
como é que eu fui perder meu piercing do nariz????????? ba to mt puta cmg mesma,0.0,0.0,0.0,0.0,0.0,0.0,0.0,0.0,0.0,0.0,0.0,0.0,0.0,0.0,0.0,0.0,0.0,0.0
"VAI MULEKE PORRA ESMURRA MINHA CARA DE UMA VEZ SÓ PEGA ESSAS SUAS MÃOS AÍ E VAMO SAIR NO SOCO CARALHO ME SOCA MAS COM GOSTO VEM COM TUDO QUE O MONSTRO TA EH SAINDO DA JAULA 
https://t.co/Phn1QbCs1V",0.0,0.0,0.0,0.0,0.0,0.0,0.0,0.0,0.0,0.0,0.0,0.0,0.0,0.0,1.0,0.0,0.0,0.0
pau quebrando em sg e eu curtindo as férias em cabo frio😂🤪,0.0,0.0,0.0,0.0,0.0,0.0,0.0,1.0,0.0,0.0,0.0,0.0,0.0,0.0,0.0,0.0,0.0,0.0
@user fdp do caralho mano https://t.co/k1vmzksgzu,0.0,0.0,0.0,0.0,0.0,0.0,0.0,0.0,1.0,0.0,0.0,0.0,0.0,0.0,1.0,0.0,0.0,0.0
"o ""ali"" de mineiro",0.0,0.0,0.0,0.0,0.0,0.0,0.0,0.0,0.0,0.0,0.0,0.0,0.0,0.0,0.0,0.0,0.0,0.0
@user c tá de zoas fdp kkk,0.0,1.0,1.0,0.0,0.0,0.0,0.0,1.0,0.0,0.0,0.0,0.0,0.0,0.0,0.0,0.0,0.0,0.0
"caraça, a beleza da sua namorada é de outro mundo,nmrl... — Ainda,brabona fala tu...
Vagabundo Da Uma De Maluco, Pprt! https://t.co/VA6tXMznsu",0.0,0.0,1.0,0.0,0.0,0.0,0.0,0.0,0.0,0.0,0.0,0.0,0.0,0.0,0.0,0.0,0.0,0.0
"A musa do veneno, Tereza Cristina, conhecida também como ministra da Agricultura, liberou mais 51 agrotóxicos. Desde que iniciou o governo Bolsonaro, já foram liberados 262 venenos. É recorde nos últimos dez anos.

https://t.co/UrcN1uXc7h",0.0,0.0,0.0,0.0,0.0,0.0,0.0,1.0,0.0,0.0,0.0,0.0,0.0,0.0,0.0,0.0,0.0,0.0
caralho mesa 2 perfeição,0.0,1.0,0.0,0.0,0.0,0.0,0.0,0.0,0.0,0.0,0.0,0.0,0.0,0.0,0.0,0.0,0.0,0.0
rt @user kkkkkkkkkkkk teu cu https://t.co/ddsdtblfyx,0.0,0.0,0.0,0.0,0.0,0.0,0.0,0.0,0.0,0.0,0.0,0.0,0.0,0.0,0.0,0.0,0.0,0.0
rt @user nossa faz um negócio desses cmg nunca mais seu pinto sobe pq eu arranco fora https://t.co/jqgyoq4yeh,0.0,1.0,0.0,0.0,0.0,0.0,0.0,1.0,0.0,0.0,0.0,0.0,0.0,0.0,0.0,0.0,0.0,0.0
@user porque você é foda pra caralho,0.0,0.0,0.0,0.0,0.0,0.0,0.0,0.0,0.0,0.0,0.0,0.0,0.0,0.0,0.0,0.0,0.0,0.0
"ai gente chega de ibope fala até o papagaio fala, só não pode encostar.",0.0,0.0,0.0,0.0,0.0,0.0,0.0,0.0,0.0,0.0,0.0,0.0,0.0,0.0,0.0,0.0,0.0,0.0
"A Thamyres me falou que a cena do estupro é bem mais detalhada no livro do que na série, se eu nem ví o ep do estupro imagina eu lendo. Vai ser horrível.",0.0,0.0,0.0,0.0,0.0,0.0,0.0,0.0,0.0,0.0,0.0,0.0,0.0,0.0,0.0,0.0,0.0,0.0
"em casa o tricolor carioca recebe o forte time do internacional, quem ganha?",0.0,0.0,0.0,0.0,0.0,0.0,0.0,0.0,0.0,0.0,0.0,0.0,0.0,0.0,0.0,0.0,0.0,0.0
"rt @user hoje tu chama ele de amigo amanhã ele tá dando em cima da tua mulher,slg não tem essa porra de amigo não!",0.0,0.0,0.0,0.0,0.0,0.0,0.0,0.0,0.0,0.0,0.0,0.0,0.0,0.0,0.0,0.0,0.0,0.0
caraio mermão amo demais,0.0,0.0,0.0,0.0,0.0,0.0,0.0,0.0,0.0,0.0,0.0,0.0,0.0,0.0,0.0,0.0,0.0,0.0
"Para Gilmar Mendes, citado em diálogos, a Vaza Jato não era apenas um grupo de investigação mas um projeto de poder que visava também a obtenção de vantagens pessoais.Sim, Gilmar.Basta lembrar q Moro e Dallagnol tentaram criar uma “fundação” para gerenciar mais de R$ 2,5 bilhões https://t.co/WeIBwMS1G1",0.0,0.0,0.0,0.0,0.0,0.0,0.0,0.0,0.0,0.0,0.0,0.0,0.0,0.0,0.0,0.0,0.0,0.0
@user @user @user eu só coloquei o nome dela não tinha esses números.... não entendi pq,0.0,0.0,0.0,0.0,0.0,0.0,0.0,0.0,0.0,0.0,0.0,0.0,0.0,0.0,0.0,0.0,0.0,0.0
"rt @user que casal hetero fazendo filminho o que
isso sim que eh fofo demais porra https://t.co/huetyygwtq",0.0,0.0,0.0,0.0,0.0,0.0,0.0,0.0,0.0,0.0,0.0,0.0,0.0,0.0,0.0,0.0,0.0,0.0
"o mal está nas pessoas, não na religião ... lamentável",0.0,0.0,0.0,0.0,0.0,0.0,0.0,0.0,0.0,0.0,0.0,0.0,0.0,0.0,0.0,0.0,0.0,0.0
@user fdp. kkkkkkkkkkkkkkkkkkkkkkkkkkkkkkk,0.0,0.0,0.0,0.0,0.0,0.0,0.0,0.0,0.0,0.0,0.0,0.0,0.0,0.0,0.0,0.0,0.0,0.0
@user @user para nada para nada 😂,0.0,0.0,0.0,0.0,0.0,0.0,0.0,0.0,0.0,0.0,0.0,0.0,0.0,0.0,0.0,0.0,0.0,0.0
"••AU•STONY••

a superfamily au

Onde Tony sempre levava seu filho na piscina comunitária e acabava flertando com o salva-vidas. https://t.co/UD73r1NrzX",0.0,0.0,0.0,0.0,0.0,0.0,0.0,0.0,0.0,0.0,0.0,0.0,0.0,0.0,0.0,0.0,0.0,0.0
@user @user carai viado kkkkkkkkk,0.0,1.0,0.0,0.0,0.0,0.0,0.0,0.0,0.0,0.0,0.0,0.0,0.0,0.0,0.0,0.0,0.0,0.0
já já apago de tanta vergonha pqp,0.0,0.0,0.0,0.0,0.0,0.0,0.0,0.0,0.0,0.0,0.0,0.0,0.0,0.0,0.0,0.0,0.0,0.0
